Kod,ludnosc
0000000,38433558
0200000,2902547
0201000,90173
0201011,39084
0201022,14391
0201032,5345
0201043,15290
0201044,4244
0201045,11046
0201052,7398
0201062,8665
0202000,102077
0202011,30207
0202021,33653
0202033,9550
0202034,7170
0202035,2380
0202041,6479
0202052,9185
0202062,7458
0202073,5545
0202074,2981
0202075,2564
0203000,89933
0203011,68179
0203022,6663
0203032,4925
0203042,4415
0203052,2284
0203062,3467
0204000,35473
0204013,20177
0204014,11994
0204015,8183
0204022,3051
0204032,4985
0204043,7260
0204044,2688
0204045,4572
0205000,50947
0205011,23266
0205023,10611
0205024,5047
0205025,5564
0205032,5001
0205042,4113
0205052,3976
0205062,3980
0206000,64178
0206011,4711
0206021,11090
0206031,6314
0206041,6681
0206052,4320
0206062,7283
0206072,10218
0206082,8294
0206092,5267
0207000,43999
0207011,19348
0207022,9046
0207033,11052
0207034,6106
0207035,4946
0207042,4553
0208000,160465
0208011,4728
0208021,27193
0208031,10018
0208041,22455
0208051,6381
0208063,19077
0208064,10239
0208065,8838
0208072,17285
0208083,8365
0208084,5685
0208085,2680
0208092,1940
0208103,7241
0208104,2623
0208105,4618
0208112,11755
0208123,9089
0208124,2427
0208125,6662
0208133,7568
0208134,5755
0208135,1813
0208143,7370
0208144,5242
0208145,2128
0209000,55233
0209011,13573
0209022,9565
0209032,3319
0209042,6750
0209052,5252
0209062,6629
0209073,7507
0209074,3646
0209075,3861
0209082,2638
0210000,54991
0210011,21318
0210021,4209
0210033,10162
0210034,4532
0210035,5630
0210042,6607
0210053,6524
0210054,4347
0210055,2177
0210062,1631
0210072,4540
0211000,106320
0211011,72892
0211022,15605
0211032,7742
0211043,10081
0211044,5677
0211045,4404
0212000,46360
0212013,9779
0212014,6684
0212015,3095
0212023,6235
0212024,2002
0212025,4233
0212033,17346
0212034,8895
0212035,8451
0212043,8692
0212044,3938
0212045,4754
0212053,4308
0212054,1806
0212055,2502
0213000,37125
0213012,4663
0213022,8177
0213033,24285
0213034,11482
0213035,12803
0214000,106907
0214011,37300
0214023,10058
0214024,4935
0214025,5123
0214032,6595
0214042,4644
0214053,5096
0214054,2362
0214055,2734
0214062,13299
0214073,16834
0214074,10413
0214075,6421
0214083,13081
0214084,6784
0214085,6297
0215000,76505
0215011,32883
0215022,5215
0215033,23269
0215034,15867
0215035,7402
0215042,15138
0216000,63017
0216013,12866
0216014,7996
0216015,4870
0216022,4009
0216032,5387
0216043,27512
0216044,22504
0216045,5008
0216053,8488
0216054,6217
0216055,2271
0216062,4755
0217000,44006
0217012,5324
0217022,4363
0217032,4845
0217043,22178
0217044,12423
0217045,9755
0217053,7296
0217054,2296
0217055,5000
0218000,53722
0218012,7178
0218022,5997
0218032,15524
0218043,19798
0218044,9428
0218045,10370
0218052,5225
0219000,158392
0219011,57671
0219021,22840
0219032,5301
0219043,10344
0219044,5164
0219045,5180
0219052,6497
0219063,26102
0219064,16272
0219065,9830
0219072,17131
0219083,12506
0219084,6811
0219085,5695
0220000,84495
0220013,20105
0220014,9118
0220015,10987
0220023,9363
0220024,2235
0220025,7128
0220033,24179
0220034,13261
0220035,10918
0220042,10198
0220052,5921
0220063,14729
0220064,6472
0220065,8257
0221000,56446
0221011,15566
0221021,4887
0221031,5650
0221042,4858
0221053,8708
0221054,6431
0221055,2277
0221063,6935
0221064,4147
0221065,2788
0221072,4269
0221082,5573
0222000,47124
0222013,16086
0222014,12486
0222015,3600
0222022,8409
0222033,22629
0222034,12439
0222035,10190
0223000,141337
0223012,14743
0223022,30706
0223032,3154
0223043,24021
0223044,6846
0223045,17175
0223052,20437
0223062,3821
0223073,12835
0223074,6951
0223075,5884
0223083,21037
0223084,7410
0223085,13627
0223092,10583
0224000,66009
0224013,5362
0224014,2603
0224015,2759
0224022,3059
0224032,8247
0224042,5473
0224053,22058
0224054,15219
0224055,6839
0224063,17242
0224064,8796
0224065,8446
0224073,4568
0224074,2821
0224075,1747
0225000,90584
0225011,4232
0225021,30738
0225033,23462
0225034,17762
0225035,5700
0225043,9179
0225044,5866
0225045,3313
0225052,6082
0225063,8402
0225064,2868
0225065,5534
0225072,8489
0226000,44126
0226011,3696
0226021,15783
0226032,4628
0226043,7606
0226044,2315
0226045,5291
0226052,5347
0226062,7066
0261000,80072
0261011,80072
0262000,100324
0262011,100324
0264000,638586
0264011,638586
0265000,113621
0265011,113621
0400000,2082944
0401000,55337
0401011,12270
0401021,10586
0401031,1914
0401042,11799
0401052,4311
0401062,3177
0401072,3135
0401082,4604
0401092,3541
0402000,78879
0402011,28717
0402022,6370
0402032,8214
0402042,3799
0402053,3955
0402054,1403
0402055,2552
0402062,4748
0402073,9005
0402074,3782
0402075,5223
0402082,4023
0402092,5199
0402102,4849
0403000,115981
0403012,21268
0403022,8285
0403032,11515
0403043,24222
0403044,11230
0403045,12992
0403052,10030
0403062,13762
0403072,10054
0403083,16845
0403084,15661
0403085,1184
0404000,52292
0404011,19911
0404022,5977
0404032,4504
0404042,5282
0404052,4376
0404062,5239
0404072,7003
0405000,45289
0405011,12828
0405022,4034
0405032,8692
0405043,11487
0405044,4192
0405045,7295
0405052,3867
0405062,4381
0406000,40368
0406012,12621
0406022,6523
0406033,8006
0406034,3320
0406035,4686
0406043,4696
0406044,1851
0406045,2845
0406052,4246
0406062,4276
0407000,161591
0407011,73577
0407022,5158
0407033,14569
0407034,7202
0407035,7367
0407042,11740
0407053,13270
0407054,8844
0407055,4426
0407063,19511
0407064,8926
0407065,10585
0407073,9811
0407074,5744
0407075,4067
0407082,4738
0407092,9217
0408000,66517
0408011,14592
0408022,3122
0408032,2937
0408043,7727
0408044,2161
0408045,5566
0408052,7176
0408062,11914
0408073,7583
0408074,3607
0408075,3976
0408082,4676
0408092,6790
0409000,46046
0409012,4604
0409022,4950
0409033,24768
0409034,11995
0409035,12773
0409043,11724
0409044,5701
0409045,6023
0410000,86764
0410013,13471
0410014,4678
0410015,8793
0410023,9296
0410024,4395
0410025,4901
0410033,32053
0410034,18531
0410035,13522
0410042,7287
0410053,24657
0410054,9602
0410055,15055
0411000,40898
0411011,5638
0411022,3485
0411032,5429
0411042,7710
0411053,9334
0411054,4490
0411055,4844
0411062,4422
0411072,4880
0412000,44029
0412011,16482
0412022,5343
0412032,4763
0412042,7503
0412052,5950
0412062,3988
0413000,41373
0413013,6983
0413014,2394
0413015,4589
0413023,15936
0413024,9243
0413025,6693
0413032,5059
0413043,13395
0413044,5969
0413045,7426
0414000,99505
0414012,5146
0414022,7279
0414032,5021
0414042,8125
0414052,4270
0414063,10371
0414064,5913
0414065,4458
0414072,5475
0414082,9583
0414093,34111
0414094,25924
0414095,8187
0414102,3590
0414112,6534
0415000,105631
0415011,14645
0415022,9820
0415032,9049
0415042,19702
0415052,7008
0415062,9882
0415072,16559
0415082,5094
0415092,13872
0416000,48438
0416012,6783
0416022,5238
0416032,4464
0416042,5944
0416052,5622
0416063,20387
0416064,13793
0416065,6594
0417000,34612
0417011,13749
0417022,3183
0417032,4194
0417042,4838
0417052,8648
0418000,86604
0418011,3544
0418022,3482
0418032,3392
0418043,11541
0418044,4660
0418045,6881
0418052,8022
0418063,6093
0418064,1885
0418065,4208
0418072,10002
0418083,7735
0418084,2677
0418085,5058
0418092,3959
0418102,4611
0418113,7412
0418114,1391
0418115,6021
0418123,9598
0418124,3052
0418125,6546
0418132,7213
0419000,70534
0419013,14858
0419014,7516
0419015,7342
0419022,5313
0419033,9113
0419034,4016
0419035,5097
0419043,10058
0419044,4501
0419045,5557
0419052,6871
0419063,24321
0419064,14041
0419065,10280
0461000,352313
0461011,352313
0462000,95629
0462011,95629
0463000,202562
0463011,202562
0464000,111752
0464011,111752
0600000,2126317
0601000,111922
0601011,16925
0601021,5594
0601032,14169
0601042,5460
0601052,5407
0601062,3598
0601072,4154
0601082,4294
0601092,5002
0601102,10526
0601112,7306
0601122,3027
0601132,2265
0601142,2346
0601152,2456
0601162,6819
0601172,3100
0601182,5018
0601192,4456
0602000,101949
0602011,26550
0602022,3270
0602032,13294
0602042,3805
0602053,6199
0602054,1433
0602055,4766
0602062,4137
0602073,6817
0602074,2498
0602075,4319
0602082,6956
0602092,4279
0602102,4303
0602112,5449
0602123,6744
0602124,3395
0602125,3349
0602132,3931
0602142,6215
0603000,78579
0603011,4396
0603022,2989
0603032,14646
0603042,6468
0603052,2428
0603062,4152
0603072,3664
0603082,4283
0603092,4551
0603102,5554
0603113,6907
0603114,1418
0603115,5489
0603122,5136
0603132,3825
0603142,3134
0603153,6446
0603154,2084
0603155,4362
0604000,64428
0604011,17903
0604022,5541
0604032,5259
0604042,10107
0604052,7273
0604062,4215
0604072,4621
0604082,9509
0605000,46306
0605012,3332
0605022,2934
0605032,6358
0605042,5860
0605053,16057
0605054,11986
0605055,4071
0605063,7037
0605064,1469
0605065,5568
0605072,4728
0606000,64432
0606011,18912
0606022,4591
0606032,3536
0606042,8271
0606052,8679
0606062,3740
0606072,3996
0606092,3034
0606102,4183
0606112,5490
0607000,96574
0607011,34821
0607023,8735
0607024,2572
0607025,6163
0607032,5314
0607042,7280
0607052,7385
0607062,5821
0607072,6450
0607083,8693
0607084,1703
0607085,6990
0607092,5532
0607102,6543
0608000,89040
0608011,22138
0608022,4071
0608032,5896
0608042,2837
0608052,6455
0608063,6477
0608064,3342
0608065,3135
0608072,11627
0608082,5951
0608092,6246
0608103,5248
0608104,2095
0608105,3153
0608112,3913
0608122,4925
0608132,3256
0609000,153380
0609013,13356
0609014,6608
0609015,6748
0609022,3775
0609033,11761
0609034,4976
0609035,6785
0609042,9053
0609052,10813
0609062,8024
0609072,13871
0609082,13674
0609092,4484
0609102,11829
0609112,19254
0609122,8046
0609132,5978
0609142,12024
0609152,4532
0609162,2906
0610000,57461
0610012,7911
0610022,5584
0610033,23462
0610034,19167
0610035,4295
0610042,9190
0610052,5616
0610062,5698
0611000,107896
0611011,30310
0611021,2556
0611032,5680
0611042,10520
0611052,18028
0611062,4005
0611072,9772
0611082,7921
0611092,7442
0611102,6950
0611112,4712
0612000,60266
0612012,6658
0612022,6666
0612032,5647
0612042,4956
0612053,17413
0612054,8605
0612055,8808
0612063,14430
0612064,9320
0612065,5110
0612072,4496
0613000,35140
0613012,3933
0613022,3846
0613032,3874
0613043,14613
0613044,10748
0613045,3865
0613052,1661
0613062,4600
0613072,2613
0614000,114198
0614011,48114
0614022,3948
0614032,3675
0614043,6769
0614044,2607
0614045,4162
0614052,8882
0614062,7698
0614072,2972
0614083,8955
0614084,3750
0614085,5205
0614092,11996
0614102,4724
0614112,6465
0615000,59640
0615011,15808
0615022,6030
0615032,4394
0615042,8209
0615052,4295
0615062,8099
0615072,6030
0615082,6775
0616000,56765
0616011,16398
0616022,7245
0616032,4158
0616043,20510
0616044,9768
0616045,10742
0616052,5221
0616062,3233
0617000,72412
0617011,39732
0617022,9640
0617033,10580
0617034,2598
0617035,7982
0617042,3445
0617052,9015
0618000,84429
0618011,19365
0618022,3365
0618032,3486
0618042,3274
0618053,6296
0618054,2469
0618055,3827
0618063,6132
0618064,2190
0618065,3942
0618072,5222
0618082,7537
0618092,3947
0618102,4037
0618112,11373
0618123,5665
0618124,2120
0618125,3545
0618132,4730
0619000,38853
0619011,13350
0619022,2941
0619032,3766
0619042,2113
0619052,4135
0619062,6058
0619072,3878
0619082,2612
0620000,107565
0620012,4727
0620022,4082
0620032,5067
0620043,7187
0620044,3138
0620045,4049
0620052,6292
0620062,5874
0620072,5540
0620082,5801
0620092,6766
0620102,5229
0620112,5218
0620122,4560
0620133,11395
0620134,5117
0620135,6278
0620142,22958
0620153,6869
0620154,3235
0620155,3634
0661000,57545
0661011,57545
0662000,63333
0662011,63333
0663000,339850
0663011,339850
0664000,64354
0664011,64354
0800000,1016832
0801000,71438
0801011,17918
0801022,7109
0801032,9659
0801042,8506
0801052,6907
0801062,8382
0801073,12957
0801074,6821
0801075,6136
0802000,55512
0802011,16740
0802022,3210
0802032,2523
0802042,4989
0802052,7239
0802063,17980
0802064,11524
0802065,6456
0802072,2831
0803000,58249
0803012,4427
0803023,25148
0803024,18255
0803025,6893
0803032,5662
0803042,4295
0803053,12201
0803054,9669
0803055,2532
0803063,6516
0803064,2445
0803065,4071
0804000,86949
0804011,39098
0804023,5465
0804024,4365
0804025,1100
0804032,3306
0804043,16085
0804044,9520
0804045,6565
0804052,6944
0804063,5445
0804064,2816
0804065,2629
0804072,6953
0804082,3653
0805000,47068
0805013,6506
0805014,2755
0805015,3751
0805022,4249
0805033,6427
0805034,3911
0805035,2516
0805043,9809
0805044,6590
0805045,3219
0805053,20077
0805054,16816
0805055,3261
0806000,49701
0806013,6664
0806014,3087
0806015,3577
0806023,17381
0806024,10282
0806025,7099
0806032,4083
0806043,17213
0806044,10012
0806045,7201
0806052,4360
0807000,35351
0807012,4738
0807023,3116
0807024,2019
0807025,1097
0807032,4737
0807043,15912
0807044,10168
0807045,5744
0807053,6848
0807054,2529
0807055,4319
0808000,56095
0808012,3549
0808022,5010
0808032,5115
0808042,3872
0808053,30198
0808054,21954
0808055,8244
0808063,8351
0808064,5042
0808065,3309
0809000,75558
0809013,6190
0809014,3923
0809015,2267
0809022,3280
0809033,10055
0809034,4094
0809035,5961
0809043,5851
0809044,3766
0809045,2085
0809053,9454
0809054,5172
0809055,4282
0809063,26498
0809064,17012
0809065,9486
0809072,6573
0809082,3446
0809092,4211
0810000,80114
0810011,3100
0810021,26148
0810032,3728
0810043,6931
0810044,3947
0810045,2984
0810053,5261
0810054,3512
0810055,1749
0810062,4457
0810073,20925
0810074,11944
0810075,8981
0810082,2321
0810092,7243
0811000,97487
0811011,2500
0811021,37907
0811032,3409
0811043,7102
0811044,4348
0811045,2754
0811052,3359
0811063,18771
0811064,14182
0811065,4589
0811072,3200
0811082,5748
0811092,3117
0811102,12374
0812000,39196
0812013,12729
0812014,4311
0812015,8418
0812023,5039
0812024,1289
0812025,3750
0812033,21428
0812034,14084
0812035,7344
0861000,124295
0861011,124295
0862000,139819
0862011,139819
1000000,2476315
1001000,113028
1001011,57964
1001022,11283
1001032,5154
1001042,5974
1001052,4328
1001062,5139
1001072,8164
1001083,15022
1001084,7665
1001085,7357
1002000,98018
1002011,44513
1002022,5453
1002032,1905
1002043,8520
1002044,4426
1002045,4094
1002052,4274
1002062,8760
1002072,2450
1002082,3496
1002092,2594
1002102,3969
1002113,12084
1002114,8288
1002115,3796
1003000,50224
1003012,5077
1003023,27876
1003024,17484
1003025,10392
1003032,6419
1003042,7439
1003052,3413
1004000,50527
1004011,14252
1004022,3933
1004032,4406
1004042,6055
1004052,8538
1004062,6094
1004072,3950
1004082,3299
1005000,78994
1005011,28704
1005022,5454
1005032,2924
1005042,4659
1005052,3420
1005062,4285
1005072,7706
1005082,6690
1005092,9390
1005102,5762
1006000,71182
1006022,13661
1006032,6517
1006073,23639
1006074,13148
1006075,10491
1006082,4850
1006103,10183
1006104,3385
1006105,6798
1006113,12332
1006114,7293
1006115,5039
1007000,76984
1007012,5820
1007023,10559
1007024,3865
1007025,6694
1007032,4760
1007043,34607
1007044,21534
1007045,13073
1007052,4423
1007062,3197
1007072,7640
1007082,5978
1008000,119285
1008011,18013
1008021,65823
1008032,4567
1008042,7653
1008052,7684
1008062,8307
1008072,7238
1009000,51851
1009013,12665
1009014,5950
1009015,6715
1009022,4074
1009032,4609
1009043,11696
1009044,6792
1009045,4904
1009052,4892
1009062,4814
1009072,4651
1009082,4450
1010000,91301
1010012,4352
1010022,4111
1010032,8541
1010042,6087
1010052,3514
1010062,12857
1010072,3554
1010082,12306
1010093,16291
1010094,6226
1010095,10065
1010102,11921
1010113,7767
1010114,2336
1010115,5431
1011000,41380
1011012,3901
1011022,3482
1011033,15663
1011034,7530
1011035,8133
1011043,7062
1011044,3011
1011045,4051
1011052,6260
1011062,5012
1012000,113923
1012011,46409
1012022,4393
1012032,6151
1012042,5902
1012053,5977
1012054,2812
1012055,3165
1012062,4449
1012072,4575
1012082,4308
1012092,4809
1012102,4183
1012113,7262
1012114,3615
1012115,3647
1012122,5636
1012132,4670
1012142,5199
1013000,48997
1013011,17480
1013023,11427
1013024,3206
1013025,8221
1013032,3981
1013042,8750
1013052,1821
1013062,5538
1014000,118692
1014011,42570
1014023,14658
1014024,2158
1014025,12500
1014032,4530
1014042,6362
1014052,5521
1014062,5516
1014072,2891
1014082,10558
1014093,12784
1014094,3258
1014095,9526
1014102,6113
1014113,7189
1014114,3351
1014115,3838
1015000,38224
1015012,4054
1015022,5813
1015032,2631
1015042,2908
1015052,3298
1015062,5981
1015072,3382
1015082,7506
1015092,2651
1016000,117852
1016011,63238
1016022,3331
1016032,2181
1016042,5118
1016052,3819
1016062,7162
1016072,6173
1016082,4648
1016092,11068
1016102,7783
1016112,3331
1017000,77017
1017012,5512
1017022,4535
1017032,3815
1017042,5399
1017052,4768
1017062,4533
1017072,6590
1017082,3354
1017093,31849
1017094,22794
1017095,9055
1017102,6662
1018000,42255
1018012,4083
1018022,3949
1018032,6199
1018042,4600
1018052,4121
1018062,4999
1018073,14304
1018074,8600
1018075,5704
1019000,67049
1019011,42374
1019023,7374
1019024,1957
1019025,5417
1019032,5147
1019042,12154
1020000,165606
1020011,14422
1020021,19685
1020031,56690
1020043,31445
1020044,21535
1020045,9910
1020052,4847
1020062,6944
1020072,5036
1020083,12565
1020084,3493
1020085,9072
1020092,13972
1021000,30884
1021011,12534
1021022,5672
1021032,4476
1021042,3437
1021052,4765
1061000,690422
1061011,690422
1062000,74312
1062011,74312
1063000,48308
1063011,48308
1200000,3391380
1201000,106096
1201011,29992
1201022,19744
1201032,6505
1201042,5648
1201052,8049
1201063,13880
1201064,2728
1201065,11152
1201072,11239
1201082,5529
1201092,5510
1202000,93164
1202012,8378
1202023,36309
1202024,16884
1202025,19425
1202033,9826
1202034,2380
1202035,7446
1202042,14677
1202052,7965
1202062,6415
1202072,9594
1203000,125725
1203013,12641
1203014,3380
1203015,9261
1203022,9124
1203033,47365
1203034,37123
1203035,10242
1203043,22490
1203044,17135
1203045,5355
1203053,34105
1203054,19954
1203055,14151
1204000,59311
1204012,2709
1204023,21231
1204024,11924
1204025,9307
1204032,3346
1204042,3483
1204052,7957
1204062,7418
1204073,13167
1204074,4163
1204075,9004
1205000,109076
1205011,27781
1205023,16916
1205024,4629
1205025,12287
1205033,9744
1205034,3123
1205035,6621
1205042,17183
1205052,6802
1205062,8465
1205072,4921
1205082,5440
1205092,4981
1205102,6843
1206000,274843
1206012,14535
1206022,7702
1206032,9098
1206042,10917
1206052,15260
1206063,32296
1206064,10090
1206065,22206
1206072,17110
1206082,10380
1206092,13819
1206103,10520
1206104,3770
1206105,6750
1206113,43369
1206114,24325
1206115,19044
1206123,13677
1206124,4359
1206125,9318
1206132,5819
1206143,9957
1206144,2422
1206145,7535
1206152,11956
1206162,26206
1206172,22222
1207000,130964
1207011,15103
1207021,7982
1207032,9967
1207042,8614
1207052,7820
1207062,8100
1207072,25215
1207082,9995
1207092,17574
1207102,7338
1207112,6698
1207122,6558
1208000,49315
1208012,7479
1208022,6122
1208032,4671
1208042,5152
1208053,19780
1208054,11696
1208055,8084
1208062,2496
1208072,3615
1209000,126339
1209013,15227
1209014,6425
1209015,8802
1209022,10027
1209033,44021
1209034,18415
1209035,25606
1209042,10999
1209052,6321
1209062,8852
1209073,14826
1209074,6614
1209075,8212
1209082,8730
1209092,7336
1210000,214999
1210011,6089
1210022,28216
1210032,9235
1210042,25179
1210052,10329
1210062,14397
1210073,16780
1210074,10757
1210075,6023
1210082,6005
1210092,16460
1210102,10944
1210113,11599
1210114,4909
1210115,6690
1210122,8599
1210133,10676
1210134,5925
1210135,4751
1210142,13057
1210152,3807
1210163,23627
1210164,9020
1210165,14607
1211000,191266
1211011,33361
1211023,7286
1211024,5807
1211025,1479
1211032,22423
1211042,7632
1211052,18570
1211062,6812
1211072,5989
1211082,9340
1211092,23905
1211102,8518
1211112,14695
1211123,17227
1211124,12883
1211125,4344
1211132,4508
1211142,11000
1212000,112539
1212011,10297
1212032,7747
1212042,15158
1212053,49309
1212054,35921
1212055,13388
1212062,7054
1212073,22974
1212074,8686
1212075,14288
1213000,154292
1213011,38678
1213023,21398
1213024,11345
1213025,10053
1213033,13010
1213034,9090
1213035,3920
1213043,34300
1213044,18886
1213045,15414
1213052,8233
1213062,18325
1213072,4312
1213082,6735
1213093,9301
1213094,3691
1213095,5610
1214000,43658
1214012,9006
1214022,5531
1214033,5750
1214034,1674
1214035,4076
1214042,3602
1214053,16324
1214054,6088
1214055,10236
1214062,3445
1215000,84317
1215011,5362
1215021,9295
1215032,8929
1215042,6847
1215052,11107
1215063,16245
1215064,5919
1215065,10326
1215072,11843
1215082,9106
1215092,5583
1216000,201268
1216013,11257
1216014,2470
1216015,8787
1216022,8893
1216032,15226
1216042,11946
1216053,9769
1216054,2780
1216055,6989
1216063,11684
1216064,2831
1216065,8853
1216072,6745
1216082,14187
1216092,25909
1216103,18038
1216104,6693
1216105,11345
1216112,10808
1216122,4008
1216133,13472
1216134,3365
1216135,10107
1216143,12377
1216144,1656
1216145,10721
1216153,18992
1216154,4248
1216155,14744
1216162,7957
1217000,68034
1217011,27266
1217022,7150
1217032,13290
1217042,8747
1217052,11581
1218000,159938
1218013,43834
1218014,20567
1218015,23267
1218022,10285
1218033,20052
1218034,4551
1218035,15501
1218042,6208
1218052,4086
1218062,10304
1218072,6863
1218082,8085
1218093,37933
1218094,18851
1218095,19082
1218102,12288
1219000,125197
1219012,10185
1219022,18024
1219032,10674
1219043,27914
1219044,12507
1219045,15407
1219053,58400
1219054,22946
1219055,35454
1261000,767348
1261011,767348
1262000,84041
1262011,84041
1263000,109650
1263011,109650
1400000,5384617
1401000,33542
1401013,10322
1401014,7015
1401015,3307
1401022,5602
1401032,3898
1401042,5305
1401052,5633
1401063,2782
1401064,896
1401065,1886
1402000,89976
1402011,44303
1402022,7066
1402033,7954
1402034,3027
1402035,4927
1402042,3857
1402052,3659
1402062,4301
1402072,5995
1402082,5026
1402092,7815
1403000,108981
1403011,17381
1403021,4879
1403032,5208
1403042,13144
1403052,6511
1403062,5503
1403072,7003
1403082,4874
1403092,4080
1403103,10981
1403104,4557
1403105,6424
1403112,8269
1403122,7428
1403132,5346
1403143,8374
1403144,3994
1403145,4380
1404000,45461
1404011,18720
1404022,12121
1404032,3617
1404042,6089
1404052,4914
1405000,92847
1405011,16398
1405021,3875
1405032,5257
1405043,46671
1405044,30955
1405045,15716
1405052,12105
1405062,8541
1406000,98701
1406012,6561
1406022,7553
1406032,9863
1406042,2976
1406053,25654
1406054,16674
1406055,8980
1406062,5371
1406073,8802
1406074,2294
1406075,6508
1406083,7863
1406084,3830
1406085,4033
1406092,4789
1406113,19269
1406114,11894
1406115,7375
1407000,60699
1407012,5096
1407022,7245
1407032,3923
1407042,3921
1407053,29787
1407054,17518
1407055,12269
1407062,6770
1407072,3957
1408000,115384
1408011,54041
1408022,18916
1408032,14369
1408043,14485
1408044,4353
1408045,10132
1408052,13573
1409000,34496
1409012,2335
1409022,5604
1409033,11213
1409034,5592
1409035,5621
1409042,4448
1409052,5902
1409062,4994
1410000,31335
1410012,2841
1410023,10884
1410024,7096
1410025,3788
1410032,3011
1410042,4943
1410052,4807
1410062,4849
1411000,45580
1411011,9860
1411022,2682
1411032,5226
1411042,6440
1411052,1761
1411062,5464
1411073,4446
1411074,2755
1411075,1691
1411082,2651
1411092,3346
1411102,3704
1412000,152945
1412011,40399
1412042,6146
1412052,10227
1412062,6027
1412073,15926
1412074,3718
1412075,12208
1412082,5068
1412093,5897
1412094,2927
1412095,2970
1412102,5436
1412112,15258
1412123,8695
1412124,3576
1412125,5119
1412132,7466
1412142,6737
1412151,19663
1413000,73376
1413011,31243
1413022,3126
1413032,4845
1413042,3371
1413052,7616
1413062,4889
1413072,4204
1413082,4645
1413092,4107
1413102,5330
1414000,79298
1414011,28637
1414022,9918
1414032,5577
1414043,19949
1414044,7701
1414045,12248
1414052,9106
1414063,6111
1414064,3211
1414065,2900
1415000,88944
1415012,6593
1415022,2594
1415032,5136
1415042,8412
1415052,11442
1415062,9549
1415072,8469
1415083,10471
1415084,3397
1415085,7074
1415092,10625
1415102,10805
1415112,4848
1416000,73284
1416011,22656
1416022,4173
1416032,2647
1416043,2863
1416044,1955
1416045,908
1416052,11740
1416062,2759
1416072,12919
1416082,3753
1416092,1679
1416102,4371
1416112,3724
1417000,123770
1417011,20488
1417021,44873
1417032,11662
1417043,15916
1417044,9960
1417045,5956
1417052,8186
1417062,3583
1417072,6369
1417082,12693
1418000,182076
1418013,26579
1418014,11942
1418015,14637
1418023,24776
1418024,17191
1418025,7585
1418032,25976
1418043,82526
1418044,47660
1418045,34866
1418052,10804
1418063,11415
1418064,4105
1418065,7310
1419000,111226
1419012,9099
1419022,8223
1419032,8274
1419042,5650
1419053,8024
1419054,2925
1419055,5099
1419063,11045
1419064,4127
1419065,6918
1419072,5423
1419082,6111
1419092,3966
1419102,8413
1419112,4469
1419122,7705
1419132,11809
1419142,7370
1419153,5645
1419154,2634
1419155,3011
1420000,87662
1420011,22214
1420021,4437
1420032,8016
1420042,7738
1420052,3684
1420062,2632
1420072,6384
1420082,4688
1420092,7846
1420102,8492
1420112,5849
1420122,5682
1421000,162922
1421011,22732
1421021,61237
1421033,26167
1421034,13533
1421035,12634
1421042,17826
1421052,13348
1421062,21612
1422000,52884
1422011,17223
1422023,10207
1422024,3069
1422025,7138
1422032,3840
1422042,7190
1422052,3672
1422062,3470
1422072,7282
1423000,42116
1423012,4302
1423022,4655
1423032,3397
1423042,3863
1423052,4233
1423063,12027
1423064,5934
1423065,6093
1423072,4297
1423082,5342
1424000,51834
1424012,3858
1424022,4818
1424032,4983
1424043,24613
1424044,19448
1424045,5165
1424052,4632
1424062,4095
1424072,4835
1425000,151955
1425011,18618
1425022,8796
1425033,14860
1425034,4832
1425035,10028
1425042,7005
1425052,14423
1425062,12654
1425072,12093
1425082,10046
1425092,7304
1425103,14634
1425104,4375
1425105,10259
1425112,9799
1425122,8848
1425132,12875
1426000,81402
1426012,2626
1426022,2662
1426032,8575
1426042,5040
1426053,5881
1426054,1780
1426055,4101
1426062,2572
1426072,3228
1426082,18054
1426092,7782
1426102,4687
1426112,5754
1426122,4454
1426132,10087
1427000,52559
1427011,18148
1427022,5972
1427032,6091
1427042,4169
1427052,7120
1427062,4307
1427072,6752
1428000,85175
1428011,36790
1428022,4358
1428032,6157
1428042,5598
1428052,6586
1428062,3476
1428072,10757
1428082,11453
1429000,54604
1429011,18924
1429022,3651
1429032,2263
1429042,4591
1429053,6112
1429054,2120
1429055,3992
1429062,5326
1429072,3693
1429082,6021
1429092,4023
1430000,39938
1430012,6010
1430022,5242
1430032,3885
1430042,5935
1430053,18866
1430054,11854
1430055,7012
1432000,115466
1432013,21530
1432014,12354
1432015,9176
1432022,10592
1432032,4337
1432042,10091
1432053,26229
1432054,16875
1432055,9354
1432063,24060
1432064,11311
1432065,12749
1432072,18627
1433000,66508
1433011,12765
1433022,4471
1433032,6291
1433042,7462
1433053,17922
1433054,6848
1433055,11074
1433062,3889
1433072,5896
1433082,5008
1433092,2804
1434000,241890
1434011,23120
1434021,32686
1434031,35770
1434041,17539
1434052,8032
1434062,7571
1434072,9837
1434082,6195
1434093,26574
1434094,12644
1434095,13930
1434102,2751
1434113,19990
1434114,8127
1434115,11863
1434123,51825
1434124,37164
1434125,14661
1435000,74020
1435012,8307
1435022,7853
1435032,7003
1435042,5593
1435053,39395
1435054,26965
1435055,12430
1435062,5869
1436000,36606
1436012,4562
1436022,5615
1436032,6242
1436042,4916
1436053,15271
1436054,7855
1436055,7416
1437000,39263
1437013,5088
1437014,1875
1437015,3213
1437022,4824
1437032,6965
1437042,4362
1437052,3513
1437063,14511
1437064,8941
1437065,5570
1438000,76056
1438011,40243
1438023,11603
1438024,6433
1438025,5170
1438032,8630
1438042,5710
1438052,9870
1461000,52215
1461011,52215
1462000,120787
1462011,120787
1463000,214566
1463011,214566
1464000,77653
1464011,77653
1465000,1764615
1465011,1764615
1465028,122210
1465038,119374
1465048,132026
1465058,217577
1465068,83081
1465078,178726
1465088,64904
1465098,24148
1465108,117005
1465118,123941
1465128,59261
1465138,150273
1465148,75991
1465158,25106
1465168,37511
1465178,41929
1465188,140111
1465198,51441
1600000,990069
1601000,90493
1601011,36110
1601022,8057
1601033,19376
1601034,8700
1601035,10676
1601043,13064
1601044,5774
1601045,7290
1601052,8944
1601062,4942
1602000,46209
1602013,6038
1602014,2933
1602015,3105
1602022,6601
1602033,22527
1602034,12624
1602035,9903
1602043,11043
1602044,6061
1602045,4982
1603000,95236
1603011,61661
1603022,7929
1603032,5679
1603042,7609
1603052,4129
1603062,8229
1604000,66189
1604013,9424
1604014,3651
1604015,5773
1604023,36116
1604024,23797
1604025,12319
1604032,6901
1604043,13748
1604044,5958
1604045,7790
1605000,64227
1605013,12544
1605014,6640
1605015,5904
1605023,22866
1605024,16500
1605025,6366
1605032,7434
1605042,5494
1605053,15889
1605054,11633
1605055,4256
1606000,42677
1606012,3635
1606023,25936
1606024,16360
1606025,9576
1606032,5272
1606042,3378
1606052,4456
1607000,137819
1607013,23962
1607014,13735
1607015,10227
1607022,3523
1607033,8978
1607034,1842
1607035,7136
1607042,7602
1607053,57579
1607054,44397
1607055,13182
1607063,13634
1607064,4946
1607065,8688
1607073,12770
1607074,7600
1607075,5170
1607082,3542
1607092,6229
1608000,64848
1608013,9983
1608014,3749
1608015,6234
1608023,7162
1608024,2451
1608025,4711
1608033,17778
1608034,9400
1608035,8378
1608043,13630
1608044,7724
1608045,5906
1608052,4360
1608062,8242
1608072,3693
1609000,123612
1609012,6917
1609022,8213
1609032,9410
1609042,9064
1609052,9769
1609062,5397
1609073,13305
1609074,6431
1609075,6874
1609083,19629
1609084,8807
1609085,10822
1609092,8119
1609103,9066
1609104,2603
1609105,6463
1609112,9612
1609122,5206
1609132,9905
1610000,55748
1610013,10647
1610014,2454
1610015,8193
1610023,13351
1610024,5607
1610025,7744
1610032,4376
1610043,27374
1610044,21237
1610045,6137
1611000,74871
1611012,5418
1611022,7176
1611033,5898
1611034,3324
1611035,2574
1611043,7751
1611044,2668
1611045,5083
1611053,30764
1611054,18057
1611055,12707
1611063,6400
1611064,1770
1611065,4630
1611073,11464
1611074,7250
1611075,4214
1661000,128140
1661011,128140
1800000,2129138
1801000,21891
1801032,2418
1801052,2077
1801083,17396
1801084,9176
1801085,8220
1802000,65938
1802013,26659
1802014,7471
1802015,19188
1802022,6112
1802032,7997
1802042,9161
1802052,7829
1802062,8180
1803000,135479
1803011,46063
1803023,13091
1803024,2714
1803025,10377
1803032,13023
1803042,25766
1803052,5399
1803063,18176
1803064,4892
1803065,13284
1803072,13961
1804000,120980
1804011,37892
1804021,5335
1804032,5556
1804042,13192
1804052,6976
1804062,8467
1804073,9801
1804074,3772
1804075,6029
1804082,11448
1804092,4376
1804102,6232
1804112,11705
1805000,114156
1805011,35445
1805022,6545
1805032,8822
1805042,16331
1805053,8964
1805054,1434
1805055,7530
1805062,1887
1805072,9149
1805082,5358
1805092,12531
1805112,9124
1806000,62401
1806012,8085
1806023,24829
1806024,9158
1806025,15671
1806032,9858
1806042,6044
1806052,7076
1806062,6509
1807000,112481
1807012,13469
1807023,14665
1807024,2098
1807025,12567
1807033,10945
1807034,1798
1807035,9147
1807043,15497
1807044,5761
1807045,9736
1807052,11179
1807062,5610
1807072,13675
1807083,15891
1807084,3792
1807085,12099
1807092,9325
1807102,2225
1808000,69641
1808011,13990
1808022,8050
1808032,5703
1808042,20269
1808053,21629
1808054,5970
1808055,15659
1809000,56086
1809011,12101
1809023,7328
1809024,1940
1809025,5388
1809032,4785
1809042,9195
1809053,8134
1809054,2102
1809055,6032
1809063,6423
1809064,3041
1809065,3382
1809072,4268
1809082,3852
1810000,80741
1810011,17777
1810022,8671
1810032,11715
1810042,21770
1810052,6528
1810062,7286
1810072,6994
1811000,136666
1811011,60628
1811022,5566
1811032,7032
1811042,2764
1811052,13317
1811062,5376
1811073,11898
1811074,1748
1811075,10150
1811083,14225
1811084,3167
1811085,11058
1811092,8157
1811102,7703
1812000,66917
1812012,6183
1812022,5392
1812032,10159
1812042,4293
1812053,22412
1812054,15355
1812055,7057
1812063,10150
1812064,6728
1812065,3422
1812073,8328
1812074,1405
1812075,6923
1813000,74440
1813012,6656
1813022,9277
1813032,5565
1813042,5135
1813052,4924
1813062,6554
1813072,8879
1813082,10571
1813092,3915
1813102,12964
1814000,78644
1814011,15452
1814022,4081
1814032,4618
1814042,4475
1814053,12422
1814054,3182
1814055,9240
1814062,14892
1814073,7022
1814074,2146
1814075,4876
1814082,8459
1814092,7223
1815000,74198
1815012,7736
1815022,7246
1815033,27384
1815034,15848
1815035,11536
1815043,23572
1815044,7524
1815045,16048
1815052,8260
1816000,169165
1816011,6146
1816023,10852
1816024,2148
1816025,8704
1816033,20423
1816034,6096
1816035,14327
1816042,6908
1816052,6912
1816063,19857
1816064,6431
1816065,13426
1816072,7012
1816082,6856
1816092,11123
1816102,6438
1816113,17144
1816114,4133
1816115,13011
1816122,16040
1816132,21538
1816143,11916
1816144,3805
1816145,8111
1817000,95035
1817011,37980
1817022,4504
1817032,5567
1817042,4652
1817052,17913
1817062,1964
1817073,13099
1817074,5105
1817075,7994
1817082,9356
1818000,107138
1818011,61903
1818022,7531
1818032,10964
1818042,7283
1818053,8605
1818054,3017
1818055,5588
1818062,10852
1819000,61690
1819012,11843
1819022,10467
1819032,10504
1819043,20754
1819044,8893
1819045,11861
1819052,8122
1820000,53388
1820013,11980
1820014,1477
1820015,10503
1820022,13292
1820032,9926
1820043,18190
1820044,11215
1820045,6975
1821000,26606
1821012,3142
1821022,1749
1821033,11439
1821034,5532
1821035,5907
1821042,4965
1821052,5311
1861000,46600
1861011,46600
1862000,61808
1862011,61808
1863000,189662
1863011,189662
1864000,47387
1864011,47387
2000000,1184548
2001000,58669
2001011,30270
2001022,6830
2001032,5631
2001043,5263
2001044,2376
2001045,2887
2001052,2924
2001062,2603
2001072,5148
2002000,147002
2002013,14967
2002014,5834
2002015,9133
2002023,11490
2002024,9402
2002025,2088
2002032,9141
2002042,5278
2002052,16058
2002063,22072
2002064,15689
2002065,6383
2002073,6704
2002074,3073
2002075,3631
2002082,3459
2002093,15009
2002094,4621
2002095,10388
2002103,1984
2002104,992
2002105,992
2002112,6196
2002123,6271
2002124,1980
2002125,4291
2002133,16370
2002134,11074
2002135,5296
2002143,9239
2002144,2476
2002145,6763
2002152,2764
2003000,55427
2003011,25611
2003021,3785
2003032,6732
2003042,4363
2003052,5837
2003062,2770
2003072,1895
2003082,4434
2004000,47781
2004011,22049
2004022,5851
2004032,4790
2004043,5272
2004044,1571
2004045,3701
2004053,6134
2004054,3426
2004055,2708
2004062,3685
2005000,43745
2005011,20919
2005022,2253
2005032,3223
2005042,2034
2005052,1567
2005062,3911
2005073,2561
2005074,1297
2005075,1264
2005082,3567
2005092,3710
2006000,38748
2006011,10372
2006022,3536
2006032,8634
2006042,4854
2006053,6213
2006054,2229
2006055,3984
2006062,5139
2007000,51084
2007013,5355
2007014,1624
2007015,3731
2007022,10938
2007032,4257
2007043,4062
2007044,2173
2007045,1889
2007052,10689
2007062,2148
2007072,5364
2007082,4098
2007092,4173
2008000,41011
2008013,4954
2008014,1827
2008015,3127
2008022,2817
2008032,5035
2008043,4780
2008044,2782
2008045,1998
2008052,4043
2008063,15015
2008064,10042
2008065,4973
2008072,4367
2009000,20270
2009011,5472
2009022,2757
2009032,3841
2009042,4193
2009052,4007
2010000,45191
2010011,14590
2010023,6377
2010024,2011
2010025,4366
2010032,2805
2010042,4285
2010052,2408
2010062,1809
2010072,3932
2010082,2866
2010092,6119
2011000,68188
2011013,11659
2011014,5632
2011015,6027
2011022,4170
2011032,3256
2011043,3127
2011044,2424
2011045,703
2011052,4054
2011062,2700
2011072,3542
2011083,25765
2011084,18331
2011085,7434
2011093,6945
2011094,2196
2011095,4749
2011102,2970
2012000,35955
2012012,3113
2012022,4387
2012032,3172
2012042,2982
2012052,5981
2012062,2382
2012072,7621
2012082,3925
2012092,2392
2013000,57516
2013011,9390
2013023,8719
2013024,4655
2013025,4064
2013033,6431
2013034,2640
2013035,3791
2013042,4451
2013052,3271
2013062,3119
2013072,3930
2013082,5761
2013093,7028
2013094,2209
2013095,4819
2013102,5416
2014000,44027
2014011,22173
2014022,2349
2014032,5636
2014042,4900
2014052,8969
2061000,297288
2061011,297288
2062000,63092
2062011,63092
2063000,69554
2063011,69554
2200000,2324251
2201000,79134
2201012,3232
2201023,25406
2201024,16983
2201025,8423
2201032,5889
2201042,4259
2201052,5225
2201063,19734
2201064,10605
2201065,9129
2201072,3724
2201082,3686
2201092,3711
2201102,4268
2202000,97251
2202011,39937
2202023,14494
2202024,5209
2202025,9285
2202032,18931
2202043,21612
2202044,9909
2202045,11703
2202052,2277
2203000,56678
2203011,13869
2203023,9193
2203024,5983
2203025,3210
2203032,11038
2203043,9144
2203044,5152
2203045,3992
2203052,3403
2203062,6378
2203072,3653
2204000,113983
2204011,30468
2204022,6979
2204032,16826
2204042,29186
2204052,5855
2204062,9425
2204072,4201
2204082,11043
2205000,133841
2205012,7658
2205023,33700
2205024,14611
2205025,19089
2205032,9197
2205042,19593
2205052,10527
2205062,10360
2205072,5480
2205083,37326
2205084,6677
2205085,30649
2206000,72311
2206011,23809
2206022,4340
2206032,6297
2206042,15895
2206052,4618
2206062,3723
2206072,6913
2206082,6716
2207000,83423
2207011,38553
2207022,8469
2207032,11374
2207043,13165
2207044,8710
2207045,4455
2207052,5878
2207062,5984
2208000,66333
2208011,35413
2208021,3694
2208032,7545
2208042,13617
2208052,6064
2209000,63911
2209011,38723
2209032,4648
2209042,4791
2209062,3397
2209073,7651
2209074,4196
2209075,3455
2209082,4701
2210000,35891
2210011,1302
2210023,17883
2210024,9964
2210025,7919
2210032,3234
2210042,9817
2210052,3655
2211000,84687
2211011,3373
2211023,3760
2211024,2736
2211025,1024
2211031,11265
2211043,15482
2211044,10009
2211045,5473
2211052,14029
2211062,10760
2211072,26018
2212000,98737
2212011,15709
2212022,6171
2212032,9736
2212042,9148
2212053,9294
2212054,3646
2212055,5648
2212062,12186
2212072,6979
2212082,17724
2212092,3430
2212102,8360
2213000,127868
2213013,3227
2213014,2841
2213015,386
2213021,3609
2213031,48060
2213042,3155
2213052,5387
2213062,6535
2213072,2858
2213082,2410
2213093,14808
2213094,7103
2213095,7705
2213102,4643
2213112,5250
2213122,16308
2213132,11618
2214000,115896
2214011,60257
2214023,15651
2214024,6791
2214025,8860
2214032,3674
2214043,16410
2214044,7912
2214045,8498
2214052,5493
2214062,14411
2215000,213803
2215011,25102
2215021,48632
2215031,49927
2215042,5539
2215052,7497
2215062,6323
2215072,15964
2215082,12035
2215092,17452
2215102,25332
2216000,41946
2216013,9329
2216014,5413
2216015,3916
2216022,3682
2216032,4046
2216042,6311
2216053,18578
2216054,10127
2216055,8451
2261000,464254
2261011,464254
2262000,246306
2262011,246306
2263000,91465
2263011,91465
2264000,36533
2264011,36533
2400000,4548180
2401000,149316
2401011,57343
2401021,31901
2401031,8984
2401042,11921
2401052,7691
2401062,12046
2401073,12390
2401074,5520
2401075,6870
2401081,7040
2402000,164003
2402011,5699
2402022,11683
2402032,11250
2402043,45204
2402044,35795
2402045,9409
2402052,23850
2402062,7231
2402072,12926
2402082,15544
2402093,17313
2402094,3065
2402095,14248
2402102,13303
2403000,178251
2403011,34876
2403021,16108
2403031,11106
2403042,11230
2403052,9741
2403062,5810
2403072,13122
2403082,10802
2403092,12111
2403103,26897
2403104,14504
2403105,12393
2403113,13164
2403114,3696
2403115,9468
2403122,13284
2404000,135227
2404013,13056
2404014,9676
2404015,3380
2404022,3888
2404032,5979
2404042,5610
2404052,13602
2404063,9605
2404064,6002
2404065,3603
2404072,10775
2404082,4869
2404092,4929
2404102,10785
2404112,15034
2404122,7785
2404132,12705
2404142,3804
2404152,9977
2404162,2824
2405000,115647
2405011,38594
2405021,18417
2405032,12009
2405042,11838
2405052,10655
2405063,8821
2405064,1881
2405065,6940
2405073,9426
2405074,3596
2405075,5830
2405082,5887
2406000,85094
2406013,20498
2406014,13014
2406015,7484
2406023,9212
2406024,4488
2406025,4724
2406032,6302
2406042,7557
2406052,6809
2406062,5099
2406072,5925
2406082,5906
2406092,17786
2407000,76768
2407011,23899
2407022,3395
2407032,7509
2407042,6862
2407052,6924
2407062,11878
2407072,6646
2407083,9655
2407084,4393
2407085,5262
2408000,97689
2408011,22390
2408021,40423
2408031,20773
2408042,6016
2408052,8087
2409000,71396
2409011,31974
2409023,14369
2409024,2424
2409025,11945
2409032,5685
2409042,10925
2409053,8443
2409054,4539
2409055,3904
2410000,110626
2410012,6736
2410022,4898
2410032,16347
2410042,18143
2410053,52345
2410054,25906
2410055,26439
2410062,12157
2411000,108918
2411011,55189
2411022,5156
2411033,5753
2411034,2168
2411035,3585
2411042,11362
2411053,11894
2411054,5402
2411055,6492
2411062,7440
2411072,6935
2411082,5189
2412000,77942
2412013,42170
2412014,28329
2412015,13841
2412022,9652
2412032,4137
2412042,9636
2412052,12347
2413000,139300
2413011,8627
2413021,7419
2413031,16798
2413041,61262
2413052,3212
2413062,5715
2413072,12069
2413082,8197
2413092,16001
2414000,59550
2414011,19639
2414021,9052
2414031,16819
2414042,7795
2414052,6245
2415000,157767
2415011,14114
2415021,17861
2415031,21700
2415041,48345
2415052,13653
2415062,21100
2415072,7900
2415082,5447
2415092,7647
2416000,119101
2416011,8581
2416021,49908
2416032,2664
2416042,6344
2416053,15992
2416054,6882
2416055,9110
2416063,9180
2416064,4313
2416065,4867
2416073,8713
2416074,1967
2416075,6746
2416083,7824
2416084,3679
2416085,4145
2416092,5237
2416102,4658
2417000,153187
2417011,31560
2417022,6805
2417032,6230
2417042,13353
2417052,2377
2417062,10719
2417072,4543
2417082,14269
2417092,10051
2417102,13049
2417112,8891
2417122,3541
2417132,8094
2417142,4541
2417152,15164
2461000,171505
2461011,171505
2462000,168394
2462011,168394
2463000,109021
2463011,109021
2464000,224376
2464011,224376
2465000,121121
2465011,121121
2466000,181309
2466011,181309
2467000,89590
2467011,89590
2468000,92090
2468011,92090
2469000,296262
2469011,296262
2470000,74647
2470011,74647
2471000,55652
2471011,55652
2472000,138578
2472011,138578
2473000,139129
2473011,139129
2474000,67523
2474011,67523
2475000,204013
2475011,204013
2476000,50385
2476011,50385
2477000,128211
2477011,128211
2478000,174349
2478011,174349
2479000,62243
2479011,62243
2600000,1247732
2601000,72323
2601013,32438
2601014,16092
2601015,16346
2601022,4403
2601032,6036
2601042,7420
2601052,5059
2601063,7664
2601064,1434
2601065,6230
2601072,3751
2601082,5552
2602000,86560
2602012,4420
2602023,28324
2602024,15369
2602025,12955
2602033,11626
2602034,3809
2602035,7817
2602042,4993
2602052,4605
2602063,12599
2602064,6494
2602065,6105
2602072,4360
2602082,8533
2602092,7100
2603000,34049
2603012,4108
2603022,3834
2603033,16290
2603034,5619
2603035,10671
2603042,3288
2603053,6529
2603054,1292
2603055,5237
2604000,210102
2604012,10268
2604023,11632
2604024,2238
2604025,9394
2604033,15053
2604034,4421
2604035,10632
2604043,11362
2604044,3752
2604045,7610
2604053,15775
2604054,2914
2604055,12861
2604062,14292
2604072,6908
2604082,9062
2604092,10819
2604102,11381
2604112,9364
2604123,16290
2604124,1730
2604125,14560
2604132,9516
2604142,16449
2604152,4788
2604162,5669
2604172,7777
2604182,10674
2604192,13023
2605000,81315
2605012,4519
2605022,4664
2605033,35665
2605034,19534
2605035,16131
2605042,9002
2605052,3113
2605062,3380
2605072,3787
2605083,17185
2605084,5754
2605085,11431
2606000,53028
2606012,4892
2606022,6745
2606032,5322
2606043,11869
2606044,6516
2606045,5353
2606053,10856
2606054,4594
2606055,6262
2606062,4002
2606072,5278
2606082,4064
2607000,111111
2607011,69852
2607022,3513
2607032,13518
2607043,7411
2607044,3014
2607045,4397
2607053,9913
2607054,2970
2607055,6943
2607062,6904
2608000,39497
2608013,5033
2608014,913
2608015,4120
2608022,4431
2608032,4634
2608043,20938
2608044,10946
2608045,9992
2608052,4461
2609000,78405
2609011,23863
2609022,8859
2609032,8138
2609043,6714
2609044,2497
2609045,4217
2609052,7552
2609062,6447
2609072,8559
2609082,3770
2609093,4503
2609094,1793
2609095,2710
2610000,75673
2610011,45953
2610022,8189
2610032,5096
2610042,6132
2610053,10303
2610054,8478
2610055,1825
2611000,90888
2611011,49513
2611022,10950
2611032,8293
2611042,15272
2611053,6860
2611054,2795
2611055,4065
2612000,72456
2612012,7837
2612022,4118
2612032,3878
2612043,7733
2612044,2004
2612045,5729
2612053,11901
2612054,8181
2612055,3720
2612062,6372
2612073,25897
2612074,14942
2612075,10955
2612082,4720
2613000,45521
2613012,5224
2613022,10650
2613032,2730
2613042,2514
2613052,4856
2613063,19547
2613064,10096
2613065,9451
2661000,196804
2661011,196804
2800000,1433945
2801000,58435
2801011,23810
2801021,4021
2801032,10884
2801043,6441
2801044,2417
2801045,4024
2801052,6978
2801063,6301
2801064,1970
2801065,4331
2802000,41675
2802011,17074
2802022,6144
2802033,3646
2802034,2389
2802035,1257
2802042,2928
2802053,6323
2802054,2802
2802055,3521
2802062,2533
2802072,3027
2803000,65772
2803011,21370
2803022,9899
2803032,7273
2803043,14299
2803044,7900
2803045,6399
2803052,5693
2803062,7238
2804000,57955
2804012,7522
2804022,3119
2804032,5132
2804042,4133
2804052,3413
2804063,4484
2804064,1792
2804065,2692
2804073,19502
2804074,12298
2804075,7204
2804082,3881
2804093,6769
2804094,2719
2804095,4050
2805000,91022
2805011,61523
2805022,11495
2805032,6785
2805042,7379
2805052,3840
2806000,56922
2806011,29480
2806042,8387
2806052,3161
2806062,3808
2806083,5740
2806084,2865
2806085,2875
2806102,6346
2807000,92811
2807011,33132
2807021,10269
2807032,12849
2807043,6078
2807044,2135
2807045,3943
2807052,10759
2807063,12872
2807064,5586
2807065,7286
2807073,6852
2807074,2165
2807075,4687
2808000,63470
2808011,27478
2808022,6275
2808032,8334
2808043,9905
2808044,4346
2808045,5559
2808053,7600
2808054,4615
2808055,2985
2808062,3878
2809000,41840
2809011,15877
2809022,3337
2809032,6822
2809042,3626
2809053,12178
2809054,8924
2809055,3254
2810000,50381
2810011,21889
2810023,8267
2810024,3852
2810025,4415
2810032,7957
2810042,7700
2810052,4568
2811000,33239
2811012,3216
2811022,2705
2811032,6138
2811043,21180
2811044,13872
2811045,7308
2812000,44104
2812011,10997
2812022,9419
2812032,6366
2812042,9145
2812052,8177
2813000,34600
2813032,5102
2813043,22130
2813044,16508
2813045,5622
2813052,3967
2813062,3401
2814000,125220
2814013,17920
2814014,7472
2814015,10448
2814023,19036
2814024,10539
2814025,8497
2814033,15978
2814034,10293
2814035,5685
2814042,11533
2814052,6638
2814063,7839
2814064,3258
2814065,4581
2814072,7341
2814082,3238
2814093,13884
2814094,7677
2814095,6207
2814102,8658
2814112,9005
2814122,4150
2815000,105318
2815011,33243
2815022,4362
2815032,5705
2815042,4521
2815052,6304
2815063,5564
2815064,2609
2815065,2955
2815073,4998
2815074,2449
2815075,2549
2815083,24590
2815084,13994
2815085,10596
2815092,16031
2816000,56933
2816013,11827
2816014,4041
2816015,7786
2816023,9071
2816024,5615
2816025,3456
2816033,27835
2816034,19386
2816035,8449
2816043,8200
2816044,4579
2816045,3621
2817000,70153
2817011,23500
2817022,6630
2817032,3669
2817043,5387
2817044,2549
2817045,2838
2817052,5628
2817062,12887
2817072,5900
2817082,6552
2818000,27062
2818012,3756
2818022,3016
2818033,20290
2818034,13740
2818035,6550
2819000,23068
2819012,2875
2819022,3315
2819033,16878
2819034,11438
2819035,5440
2861000,120895
2861011,120895
2862000,173070
2862011,173070
3000000,3489210
3001000,47341
3001011,18877
3001022,8467
3001032,6023
3001043,6393
3001044,3011
3001045,3382
3001053,7581
3001054,4302
3001055,3279
3002000,87570
3002011,10784
3002022,11422
3002032,5869
3002043,8754
3002044,6222
3002045,2532
3002052,7695
3002062,6187
3002073,24360
3002074,17228
3002075,7132
3002083,12499
3002084,5988
3002085,6511
3003000,145333
3003011,68943
3003023,7310
3003024,2620
3003025,4690
3003032,11614
3003042,5395
3003053,7544
3003054,2631
3003055,4913
3003062,6563
3003072,4057
3003082,5892
3003093,14349
3003094,7752
3003095,6597
3003103,13666
3003104,7873
3003105,5793
3004000,76087
3004013,7536
3004014,2523
3004015,5013
3004023,28059
3004024,20182
3004025,7877
3004033,13079
3004034,4304
3004035,8775
3004042,5979
3004052,8633
3004063,5036
3004064,2098
3004065,2938
3004073,7765
3004074,2841
3004075,4924
3005000,51701
3005012,5100
3005023,19928
3005024,14595
3005025,5333
3005032,6689
3005043,13150
3005044,3571
3005045,9579
3005053,6834
3005054,1767
3005055,5067
3006000,71741
3006013,8289
3006014,1467
3006015,6822
3006023,45571
3006024,26238
3006025,19333
3006032,7503
3006043,10378
3006044,2120
3006045,8258
3007000,83124
3007012,9905
3007022,5862
3007032,4786
3007042,9441
3007052,7557
3007062,5279
3007072,4905
3007083,10856
3007084,3723
3007085,7133
3007093,7229
3007094,1530
3007095,5699
3007102,7865
3007112,9439
3008000,56394
3008012,7948
3008022,6093
3008033,24520
3008034,14190
3008035,10330
3008042,5301
3008052,3768
3008062,3843
3008072,4921
3009000,87790
3009011,22227
3009022,7969
3009032,3075
3009043,6404
3009044,2017
3009045,4387
3009052,5702
3009063,13005
3009064,6530
3009065,6475
3009072,7728
3009082,6842
3009092,4570
3009102,6075
3009113,4193
3009114,1690
3009115,2503
3010000,129715
3010013,12033
3010014,4493
3010015,7540
3010022,5220
3010032,11467
3010043,9991
3010044,4212
3010045,5779
3010052,11135
3010062,7961
3010073,8320
3010074,2379
3010075,5941
3010082,7245
3010092,6142
3010103,10414
3010104,3587
3010105,6827
3010112,12154
3010123,13992
3010124,3135
3010125,10857
3010132,7396
3010142,6245
3011000,79253
3011011,23907
3011023,11476
3011024,5296
3011025,6180
3011032,16059
3011043,10061
3011044,1714
3011045,8347
3011053,17750
3011054,5719
3011055,12031
3012000,77720
3012011,2899
3012023,8130
3012024,3256
3012025,4874
3012033,13361
3012034,6590
3012035,6771
3012043,40593
3012044,29109
3012045,11484
3012052,5232
3012063,7505
3012064,4543
3012065,2962
3013000,55883
3013012,8361
3013022,7909
3013033,9133
3013034,2322
3013035,6811
3013043,9229
3013044,2811
3013045,6418
3013052,7939
3013062,3806
3013072,9506
3014000,36987
3014012,3344
3014022,6375
3014033,18501
3014034,10660
3014035,7841
3014043,8767
3014044,6046
3014045,2721
3015000,75164
3015012,5524
3015023,9165
3015024,2999
3015025,6166
3015032,3680
3015043,26624
3015044,14702
3015045,11922
3015053,16423
3015054,9664
3015055,6759
3015063,13748
3015064,7265
3015065,6483
3016000,59726
3016013,34082
3016014,18341
3016015,15741
3016023,18265
3016024,11115
3016025,7150
3016032,7379
3017000,161763
3017011,72364
3017023,15430
3017024,4798
3017025,10632
3017033,14605
3017034,5155
3017035,9450
3017042,19113
3017052,12096
3017063,11893
3017064,2101
3017065,9792
3017072,9680
3017082,6582
3018000,55479
3018012,2504
3018022,5335
3018033,7795
3018034,1941
3018035,5854
3018042,6178
3018052,3612
3018063,6081
3018064,1866
3018065,4215
3018073,23974
3018074,14325
3018075,9649
3019000,137104
3019011,73791
3019022,4891
3019032,7900
3019043,9594
3019044,2971
3019045,6623
3019052,3227
3019062,8983
3019073,7993
3019074,3738
3019075,4255
3019083,14031
3019084,5163
3019085,8868
3019093,6694
3019094,2688
3019095,4006
3020000,63218
3020013,4787
3020014,1811
3020015,2976
3020022,4907
3020033,8228
3020034,3153
3020035,5075
3020042,4652
3020052,10618
3020063,30026
3020064,17437
3020065,12589
3021000,381630
3021011,31653
3021021,9693
3021033,12495
3021034,6096
3021035,6399
3021042,27450
3021052,25692
3021062,7998
3021072,28149
3021083,18095
3021084,9711
3021085,8384
3021093,26901
3021094,7793
3021095,19108
3021103,32350
3021104,13762
3021105,18588
3021113,16820
3021114,10391
3021115,6429
3021123,19411
3021124,9139
3021125,10272
3021132,16905
3021143,15013
3021144,5952
3021145,9061
3021152,17100
3021163,49727
3021164,30739
3021165,18988
3021172,26178
3022000,60409
3022013,8785
3022014,2940
3022015,5845
3022023,7161
3022024,1966
3022025,5195
3022033,9344
3022034,3261
3022035,6083
3022042,4832
3022053,30287
3022054,20406
3022055,9881
3023000,59576
3023011,13851
3023022,5772
3023032,3840
3023042,5144
3023052,2302
3023062,9239
3023072,10372
3023083,9056
3023084,3024
3023085,6032
3024000,90920
3024011,2378
3024022,8933
3024032,8475
3024042,4515
3024053,5018
3024054,1941
3024055,3077
3024063,12562
3024064,8037
3024065,4525
3024073,29931
3024074,18835
3024075,11096
3024083,19108
3024084,11293
3024085,7815
3025000,58155
3025012,2984
3025022,7027
3025032,9098
3025043,32160
3025044,23124
3025045,9036
3025052,6886
3026000,61229
3026012,4896
3026023,5910
3026024,1569
3026025,4341
3026033,8564
3026034,2749
3026035,5815
3026043,41859
3026044,29845
3026045,12014
3027000,84267
3027011,27311
3027022,5959
3027033,6219
3027034,1396
3027035,4823
3027042,5196
3027052,6570
3027062,4490
3027073,10654
3027074,3322
3027075,7332
3027082,9712
3027092,8156
3028000,70212
3028011,25607
3028022,5437
3028033,8347
3028034,3294
3028035,5053
3028042,5992
3028053,9580
3028054,4314
3028055,5266
3028062,3000
3028072,12249
3029000,57289
3029012,14081
3029022,12680
3029033,30528
3029034,13328
3029035,17200
3030000,77361
3030012,6065
3030023,10316
3030024,3589
3030025,6727
3030033,7461
3030034,3719
3030035,3742
3030043,7080
3030044,3164
3030045,3916
3030053,46439
3030054,30279
3030055,16160
3031000,69780
3031011,18441
3031023,11592
3031024,8662
3031025,2930
3031033,7511
3031034,3678
3031035,3833
3031042,5601
3031053,8691
3031054,3929
3031055,4762
3031062,3071
3031072,4974
3031082,9899
3061000,101625
3061011,101625
3062000,74834
3062011,74834
3063000,64197
3063011,64197
3064000,538633
3064011,538633
3200000,1705533
3201000,48041
3201011,24368
3201022,7682
3201033,9182
3201034,5950
3201035,3232
3201043,6809
3201044,2495
3201045,4314
3202000,48906
3202012,4719
3202023,21824
3202024,15352
3202025,6472
3202033,5123
3202034,2307
3202035,2816
3202042,3775
3202053,7858
3202054,2597
3202055,5261
3202063,5607
3202064,2930
3202065,2677
3203000,57729
3203013,11968
3203014,7155
3203015,4813
3203023,16252
3203024,11672
3203025,4580
3203033,7397
3203034,4399
3203035,2998
3203042,2512
3203052,4311
3203063,15289
3203064,13068
3203065,2221
3204000,82567
3204023,35976
3204024,22553
3204025,13423
3204033,8777
3204034,3342
3204035,5435
3204043,24845
3204044,16756
3204045,8089
3204052,3014
3204062,5044
3204073,4911
3204074,2478
3204075,2433
3205000,60885
3205012,3787
3205023,23905
3205024,16600
3205025,7305
3205032,4058
3205043,8963
3205044,3995
3205045,4968
3205072,3869
3205083,16303
3205084,10025
3205085,6278
3206000,82951
3206012,6436
3206023,4339
3206024,1625
3206025,2714
3206033,13846
3206034,7440
3206035,6406
3206043,32116
3206044,21393
3206045,10723
3206053,7218
3206054,3681
3206055,3537
3206063,4322
3206064,1620
3206065,2702
3206072,3817
3206083,5363
3206084,2297
3206085,3066
3206092,5494
3207000,47281
3207013,4003
3207014,2707
3207015,1296
3207023,5906
3207024,2686
3207025,3220
3207033,14354
3207034,8868
3207035,5486
3207043,6528
3207044,5422
3207045,1106
3207052,4270
3207063,12220
3207064,4842
3207065,7378
3208000,79596
3208011,46568
3208022,5647
3208033,5154
3208034,2436
3208035,2718
3208042,10795
3208052,3983
3208062,3791
3208072,3658
3209000,66269
3209012,8634
3209022,6829
3209033,9124
3209034,4061
3209035,5063
3209042,6945
3209053,4951
3209054,3000
3209055,1951
3209063,8818
3209064,2949
3209065,5869
3209073,13843
3209074,6666
3209075,7177
3209082,7125
3210000,66648
3210013,19449
3210014,13853
3210015,5596
3210022,2891
3210033,20828
3210034,13931
3210035,6897
3210043,20096
3210044,11328
3210045,8768
3210052,3384
3211000,78333
3211012,22511
3211022,12633
3211033,1644
3211034,1196
3211035,448
3211043,41545
3211044,32970
3211045,8575
3212000,39873
3212012,3121
3212022,2540
3212033,5934
3212034,3982
3212035,1952
3212042,5217
3212053,19564
3212054,12709
3212055,6855
3212062,3497
3213000,56764
3213011,13924
3213021,12590
3213032,7987
3213042,6383
3213052,6960
3213062,8920
3214000,120091
3214011,68195
3214023,5868
3214024,3183
3214025,2685
3214033,4929
3214034,2288
3214035,2641
3214042,7959
3214053,3414
3214054,1965
3214055,1449
3214062,5390
3214082,3172
3214092,3691
3214102,13148
3214113,4325
3214114,1490
3214115,2835
3215000,78232
3215011,40292
3215023,8613
3215024,3742
3215025,4871
3215033,5303
3215034,2171
3215035,3132
3215043,9935
3215044,4984
3215045,4951
3215052,4781
3215062,9308
3216000,47643
3216011,15725
3216022,2792
3216033,15417
3216034,8181
3216035,7236
3216042,3668
3216052,4090
3216062,5951
3217000,53738
3217011,25533
3217023,5009
3217024,2326
3217025,2683
3217033,5494
3217034,3065
3217035,2429
3217043,5007
3217044,1931
3217045,3076
3217052,12695
3218000,37401
3218013,4469
3218014,2353
3218015,2116
3218023,14134
3218024,10299
3218025,3835
3218032,3661
3218043,8076
3218044,4255
3218045,3821
3218053,7061
3218054,2865
3218055,4196
3261000,107670
3261011,107670
3262000,403883
3262011,403883
3263000,41032
3263011,41032
